1,kevin_tom,kevin,Kevin,Thomas
2,vincy,vincy,Vincy,Jone
3,tim_lee,tim,Tim,Lee
4,jane,jane,Jane,Ferro
5,kevin_tom,kevin,Kevin,Thomas
6,vincy,vincy,Vincy,Jone
7,tim_lee,tim,Tim,Lee
8,jane,jane,Jane,Ferro
9,kevin_tom,kevin,Kevin,Thomas
10,vincy,vincy,Vincy,Jone
11,tim_lee,tim,Tim,Lee
12,jane,jane,Jane,Ferro
13,kevin_tom,kevin,Kevin,Thomas
14,vincy,vincy,Vincy,Jone
15,tim_lee,tim,Tim,Lee
16,jane,jane,Jane,Ferro
17,kevin_tom,kevin,Kevin,Thomas
18,vincy,vincy,Vincy,Jone
19,tim_lee,tim,Tim,Lee
20,jane,jane,Jane,Ferro
21,kevin_tom,kevin,Kevin,Thomas
22,vincy,vincy,Vincy,Jone
23,tim_lee,tim,Tim,Lee
24,jane,jane,Jane,Ferro
25,kevin_tom,kevin,Kevin,Thomas
26,vincy,vincy,Vincy,Jone
27,tim_lee,tim,Tim,Lee
28,jane,jane,Jane,Ferro
29,kevin_tom,kevin,Kevin,Thomas
30,vincy,vincy,Vincy,Jone
31,tim_lee,tim,Tim,Lee
32,jane,jane,Jane,Ferro
33,kevin_tom,kevin,Kevin,Thomas
34,vincy,vincy,Vincy,Jone
35,tim_lee,tim,Tim,Lee
36,jane,jane,Jane,Ferro
37,kevin_tom,kevin,Kevin,Thomas
38,vincy,vincy,Vincy,Jone
39,tim_lee,tim,Tim,Lee
40,jane,jane,Jane,Ferro
41,kevin_tom,kevin,Kevin,Thomas
42,vincy,vincy,Vincy,Jone
43,tim_lee,tim,Tim,Lee
44,jane,jane,Jane,Ferro
45,kevin_tom,kevin,Kevin,Thomas
46,vincy,vincy,Vincy,Jone
47,tim_lee,tim,Tim,Lee
48,jane,jane,Jane,Ferro
49,kevin_tom,kevin,Kevin,Thomas
50,vincy,vincy,Vincy,Jone
51,tim_lee,tim,Tim,Lee
52,jane,jane,Jane,Ferro
53,kevin_tom,kevin,Kevin,Thomas
54,vincy,vincy,Vincy,Jone
55,tim_lee,tim,Tim,Lee
56,jane,jane,Jane,Ferro
57,kevin_tom,kevin,Kevin,Thomas
58,vincy,vincy,Vincy,Jone
59,tim_lee,tim,Tim,Lee
60,jane,jane,Jane,Ferro
61,kevin_tom,kevin,Kevin,Thomas
62,vincy,vincy,Vincy,Jone
63,tim_lee,tim,Tim,Lee
64,jane,jane,Jane,Ferro
65,kevin_tom,kevin,Kevin,Thomas
66,vincy,vincy,Vincy,Jone
67,tim_lee,tim,Tim,Lee
68,jane,jane,Jane,Ferro
69,kevin_tom,kevin,Kevin,Thomas
70,vincy,vincy,Vincy,Jone
71,tim_lee,tim,Tim,Lee
72,jane,jane,Jane,Ferro
73,kevin_tom,kevin,Kevin,Thomas
74,vincy,vincy,Vincy,Jone
75,tim_lee,tim,Tim,Lee
76,jane,jane,Jane,Ferro
77,kevin_tom,kevin,Kevin,Thomas
78,vincy,vincy,Vincy,Jone
79,tim_lee,tim,Tim,Lee
80,jane,jane,Jane,Ferro
81,kevin_tom,kevin,Kevin,Thomas
82,vincy,vincy,Vincy,Jone
83,tim_lee,tim,Tim,Lee
84,jane,jane,Jane,Ferro
85,kevin_tom,kevin,Kevin,Thomas
86,vincy,vincy,Vincy,Jone
87,tim_lee,tim,Tim,Lee
88,jane,jane,Jane,Ferro
89,kevin_tom,kevin,Kevin,Thomas
90,vincy,vincy,Vincy,Jone
91,tim_lee,tim,Tim,Lee
92,jane,jane,Jane,Ferro
93,kevin_tom,kevin,Kevin,Thomas
94,vincy,vincy,Vincy,Jone
95,tim_lee,tim,Tim,Lee
96,jane,jane,Jane,Ferro
97,kevin_tom,kevin,Kevin,Thomas
98,vincy,vincy,Vincy,Jone
99,tim_lee,tim,Tim,Lee
100,jane,jane,Jane,Ferro
101,kevin_tom,kevin,Kevin,Thomas
102,vincy,vincy,Vincy,Jone
103,tim_lee,tim,Tim,Lee
104,jane,jane,Jane,Ferro
105,kevin_tom,kevin,Kevin,Thomas
106,vincy,vincy,Vincy,Jone
107,tim_lee,tim,Tim,Lee
108,jane,jane,Jane,Ferro
109,kevin_tom,kevin,Kevin,Thomas
110,vincy,vincy,Vincy,Jone
111,tim_lee,tim,Tim,Lee
112,jane,jane,Jane,Ferro
113,kevin_tom,kevin,Kevin,Thomas
114,vincy,vincy,Vincy,Jone
115,tim_lee,tim,Tim,Lee
116,jane,jane,Jane,Ferro
117,kevin_tom,kevin,Kevin,Thomas
118,vincy,vincy,Vincy,Jone
119,tim_lee,tim,Tim,Lee
120,jane,jane,Jane,Ferro
121,kevin_tom,kevin,Kevin,Thomas
122,vincy,vincy,Vincy,Jone
123,tim_lee,tim,Tim,Lee
124,jane,jane,Jane,Ferro
125,kevin_tom,kevin,Kevin,Thomas
126,vincy,vincy,Vincy,Jone
127,tim_lee,tim,Tim,Lee
128,jane,jane,Jane,Ferro
129,kevin_tom,kevin,Kevin,Thomas
130,vincy,vincy,Vincy,Jone
131,tim_lee,tim,Tim,Lee
132,jane,jane,Jane,Ferro
133,kevin_tom,kevin,Kevin,Thomas
134,vincy,vincy,Vincy,Jone
135,tim_lee,tim,Tim,Lee
136,jane,jane,Jane,Ferro
137,kevin_tom,kevin,Kevin,Thomas
138,vincy,vincy,Vincy,Jone
139,tim_lee,tim,Tim,Lee
140,jane,jane,Jane,Ferro
141,kevin_tom,kevin,Kevin,Thomas
142,vincy,vincy,Vincy,Jone
143,tim_lee,tim,Tim,Lee
144,jane,jane,Jane,Ferro
145,kevin_tom,kevin,Kevin,Thomas
146,vincy,vincy,Vincy,Jone
147,tim_lee,tim,Tim,Lee
148,jane,jane,Jane,Ferro
149,kevin_tom,kevin,Kevin,Thomas
150,vincy,vincy,Vincy,Jone
151,tim_lee,tim,Tim,Lee
152,jane,jane,Jane,Ferro
153,kevin_tom,kevin,Kevin,Thomas
154,vincy,vincy,Vincy,Jone
155,tim_lee,tim,Tim,Lee
156,jane,jane,Jane,Ferro
157,kevin_tom,kevin,Kevin,Thomas
158,vincy,vincy,Vincy,Jone
159,tim_lee,tim,Tim,Lee
160,jane,jane,Jane,Ferro
161,kevin_tom,kevin,Kevin,Thomas
162,vincy,vincy,Vincy,Jone
163,tim_lee,tim,Tim,Lee
164,jane,jane,Jane,Ferro
165,kevin_tom,kevin,Kevin,Thomas
166,vincy,vincy,Vincy,Jone
167,tim_lee,tim,Tim,Lee
168,jane,jane,Jane,Ferro
169,kevin_tom,kevin,Kevin,Thomas
170,vincy,vincy,Vincy,Jone
171,tim_lee,tim,Tim,Lee
172,jane,jane,Jane,Ferro
173,kevin_tom,kevin,Kevin,Thomas
174,vincy,vincy,Vincy,Jone
175,tim_lee,tim,Tim,Lee
176,jane,jane,Jane,Ferro
177,kevin_tom,kevin,Kevin,Thomas
178,vincy,vincy,Vincy,Jone
179,tim_lee,tim,Tim,Lee
180,jane,jane,Jane,Ferro
181,kevin_tom,kevin,Kevin,Thomas
182,vincy,vincy,Vincy,Jone
183,tim_lee,tim,Tim,Lee
184,jane,jane,Jane,Ferro
185,kevin_tom,kevin,Kevin,Thomas
186,vincy,vincy,Vincy,Jone
187,tim_lee,tim,Tim,Lee
188,jane,jane,Jane,Ferro
189,kevin_tom,kevin,Kevin,Thomas
190,vincy,vincy,Vincy,Jone
191,tim_lee,tim,Tim,Lee
192,jane,jane,Jane,Ferro
193,kevin_tom,kevin,Kevin,Thomas
194,vincy,vincy,Vincy,Jone
195,tim_lee,tim,Tim,Lee
196,jane,jane,Jane,Ferro
197,kevin_tom,kevin,Kevin,Thomas
198,vincy,vincy,Vincy,Jone
199,tim_lee,tim,Tim,Lee
200,jane,jane,Jane,Ferro
201,kevin_tom,kevin,Kevin,Thomas
202,vincy,vincy,Vincy,Jone
203,tim_lee,tim,Tim,Lee
204,jane,jane,Jane,Ferro
205,kevin_tom,kevin,Kevin,Thomas
206,vincy,vincy,Vincy,Jone
207,tim_lee,tim,Tim,Lee
208,jane,jane,Jane,Ferro
209,kevin_tom,kevin,Kevin,Thomas
210,vincy,vincy,Vincy,Jone
211,tim_lee,tim,Tim,Lee
212,jane,jane,Jane,Ferro
213,kevin_tom,kevin,Kevin,Thomas
214,vincy,vincy,Vincy,Jone
215,tim_lee,tim,Tim,Lee
216,jane,jane,Jane,Ferro
217,kevin_tom,kevin,Kevin,Thomas
218,vincy,vincy,Vincy,Jone
219,tim_lee,tim,Tim,Lee
220,jane,jane,Jane,Ferro
221,kevin_tom,kevin,Kevin,Thomas
222,vincy,vincy,Vincy,Jone
223,tim_lee,tim,Tim,Lee
224,jane,jane,Jane,Ferro
225,kevin_tom,kevin,Kevin,Thomas
226,vincy,vincy,Vincy,Jone
227,tim_lee,tim,Tim,Lee
228,jane,jane,Jane,Ferro
229,kevin_tom,kevin,Kevin,Thomas
230,vincy,vincy,Vincy,Jone
231,tim_lee,tim,Tim,Lee
232,jane,jane,Jane,Ferro
233,kevin_tom,kevin,Kevin,Thomas
234,vincy,vincy,Vincy,Jone
235,tim_lee,tim,Tim,Lee
236,jane,jane,Jane,Ferro
237,kevin_tom,kevin,Kevin,Thomas
238,vincy,vincy,Vincy,Jone
239,tim_lee,tim,Tim,Lee
240,jane,jane,Jane,Ferro
241,kevin_tom,kevin,Kevin,Thomas
242,vincy,vincy,Vincy,Jone
243,tim_lee,tim,Tim,Lee
244,jane,jane,Jane,Ferro
245,kevin_tom,kevin,Kevin,Thomas
246,vincy,vincy,Vincy,Jone
247,tim_lee,tim,Tim,Lee
248,jane,jane,Jane,Ferro
249,kevin_tom,kevin,Kevin,Thomas
250,vincy,vincy,Vincy,Jone
251,tim_lee,tim,Tim,Lee
252,jane,jane,Jane,Ferro
253,kevin_tom,kevin,Kevin,Thomas
254,vincy,vincy,Vincy,Jone
255,tim_lee,tim,Tim,Lee
256,jane,jane,Jane,Ferro
257,kevin_tom,kevin,Kevin,Thomas
258,vincy,vincy,Vincy,Jone
259,tim_lee,tim,Tim,Lee
260,jane,jane,Jane,Ferro
261,kevin_tom,kevin,Kevin,Thomas
262,vincy,vincy,Vincy,Jone
263,tim_lee,tim,Tim,Lee
264,jane,jane,Jane,Ferro
265,kevin_tom,kevin,Kevin,Thomas
266,vincy,vincy,Vincy,Jone
267,tim_lee,tim,Tim,Lee
268,jane,jane,Jane,Ferro
269,kevin_tom,kevin,Kevin,Thomas
270,vincy,vincy,Vincy,Jone
271,tim_lee,tim,Tim,Lee
272,jane,jane,Jane,Ferro
273,kevin_tom,kevin,Kevin,Thomas
274,vincy,vincy,Vincy,Jone
275,tim_lee,tim,Tim,Lee
276,jane,jane,Jane,Ferro
277,kevin_tom,kevin,Kevin,Thomas
278,vincy,vincy,Vincy,Jone
279,tim_lee,tim,Tim,Lee
280,jane,jane,Jane,Ferro
281,kevin_tom,kevin,Kevin,Thomas
282,vincy,vincy,Vincy,Jone
283,tim_lee,tim,Tim,Lee
284,jane,jane,Jane,Ferro
285,kevin_tom,kevin,Kevin,Thomas
286,vincy,vincy,Vincy,Jone
287,tim_lee,tim,Tim,Lee
288,jane,jane,Jane,Ferro
289,kevin_tom,kevin,Kevin,Thomas
290,vincy,vincy,Vincy,Jone
291,tim_lee,tim,Tim,Lee
292,jane,jane,Jane,Ferro
293,kevin_tom,kevin,Kevin,Thomas
294,vincy,vincy,Vincy,Jone
295,tim_lee,tim,Tim,Lee
296,jane,jane,Jane,Ferro
297,kevin_tom,kevin,Kevin,Thomas
298,vincy,vincy,Vincy,Jone
299,tim_lee,tim,Tim,Lee
300,jane,jane,Jane,Ferro
301,kevin_tom,kevin,Kevin,Thomas
302,vincy,vincy,Vincy,Jone
303,tim_lee,tim,Tim,Lee
304,jane,jane,Jane,Ferro
305,kevin_tom,kevin,Kevin,Thomas
306,vincy,vincy,Vincy,Jone
307,tim_lee,tim,Tim,Lee
308,jane,jane,Jane,Ferro
309,kevin_tom,kevin,Kevin,Thomas
310,vincy,vincy,Vincy,Jone
311,tim_lee,tim,Tim,Lee
312,jane,jane,Jane,Ferro
313,kevin_tom,kevin,Kevin,Thomas
314,vincy,vincy,Vincy,Jone
315,tim_lee,tim,Tim,Lee
316,jane,jane,Jane,Ferro
317,kevin_tom,kevin,Kevin,Thomas
318,vincy,vincy,Vincy,Jone
319,tim_lee,tim,Tim,Lee
320,jane,jane,Jane,Ferro
321,kevin_tom,kevin,Kevin,Thomas
322,vincy,vincy,Vincy,Jone
323,tim_lee,tim,Tim,Lee
324,jane,jane,Jane,Ferro
325,kevin_tom,kevin,Kevin,Thomas
326,vincy,vincy,Vincy,Jone
327,tim_lee,tim,Tim,Lee
328,jane,jane,Jane,Ferro
329,kevin_tom,kevin,Kevin,Thomas
330,vincy,vincy,Vincy,Jone
331,tim_lee,tim,Tim,Lee
332,jane,jane,Jane,Ferro
333,kevin_tom,kevin,Kevin,Thomas
334,vincy,vincy,Vincy,Jone
335,tim_lee,tim,Tim,Lee
336,jane,jane,Jane,Ferro
337,kevin_tom,kevin,Kevin,Thomas
338,vincy,vincy,Vincy,Jone
339,tim_lee,tim,Tim,Lee
340,jane,jane,Jane,Ferro
341,kevin_tom,kevin,Kevin,Thomas
342,vincy,vincy,Vincy,Jone
343,tim_lee,tim,Tim,Lee
344,jane,jane,Jane,Ferro
345,kevin_tom,kevin,Kevin,Thomas
346,vincy,vincy,Vincy,Jone
347,tim_lee,tim,Tim,Lee
348,jane,jane,Jane,Ferro
349,kevin_tom,kevin,Kevin,Thomas
350,vincy,vincy,Vincy,Jone
351,tim_lee,tim,Tim,Lee
352,jane,jane,Jane,Ferro
353,kevin_tom,kevin,Kevin,Thomas
354,vincy,vincy,Vincy,Jone
355,tim_lee,tim,Tim,Lee
356,jane,jane,Jane,Ferro
357,kevin_tom,kevin,Kevin,Thomas
358,vincy,vincy,Vincy,Jone
359,tim_lee,tim,Tim,Lee
360,jane,jane,Jane,Ferro
361,kevin_tom,kevin,Kevin,Thomas
362,vincy,vincy,Vincy,Jone
363,tim_lee,tim,Tim,Lee
364,jane,jane,Jane,Ferro
365,kevin_tom,kevin,Kevin,Thomas
366,vincy,vincy,Vincy,Jone
367,tim_lee,tim,Tim,Lee
368,jane,jane,Jane,Ferro
369,kevin_tom,kevin,Kevin,Thomas
370,vincy,vincy,Vincy,Jone
371,tim_lee,tim,Tim,Lee
372,jane,jane,Jane,Ferro
373,kevin_tom,kevin,Kevin,Thomas
374,vincy,vincy,Vincy,Jone
375,tim_lee,tim,Tim,Lee
376,jane,jane,Jane,Ferro
377,kevin_tom,kevin,Kevin,Thomas
378,vincy,vincy,Vincy,Jone
379,tim_lee,tim,Tim,Lee
380,jane,jane,Jane,Ferro
381,kevin_tom,kevin,Kevin,Thomas
382,vincy,vincy,Vincy,Jone
383,tim_lee,tim,Tim,Lee
384,jane,jane,Jane,Ferro
385,kevin_tom,kevin,Kevin,Thomas
386,vincy,vincy,Vincy,Jone
387,tim_lee,tim,Tim,Lee
388,jane,jane,Jane,Ferro
389,kevin_tom,kevin,Kevin,Thomas
390,vincy,vincy,Vincy,Jone
391,tim_lee,tim,Tim,Lee
392,jane,jane,Jane,Ferro
393,kevin_tom,kevin,Kevin,Thomas
394,vincy,vincy,Vincy,Jone
395,tim_lee,tim,Tim,Lee
396,jane,jane,Jane,Ferro
397,kevin_tom,kevin,Kevin,Thomas
398,vincy,vincy,Vincy,Jone
399,tim_lee,tim,Tim,Lee
400,jane,jane,Jane,Ferro
401,kevin_tom,kevin,Kevin,Thomas
402,vincy,vincy,Vincy,Jone
403,tim_lee,tim,Tim,Lee
404,jane,jane,Jane,Ferro
405,kevin_tom,kevin,Kevin,Thomas
406,vincy,vincy,Vincy,Jone
407,tim_lee,tim,Tim,Lee
408,jane,jane,Jane,Ferro
409,kevin_tom,kevin,Kevin,Thomas
410,vincy,vincy,Vincy,Jone
411,tim_lee,tim,Tim,Lee
412,jane,jane,Jane,Ferro
413,kevin_tom,kevin,Kevin,Thomas
414,vincy,vincy,Vincy,Jone
415,tim_lee,tim,Tim,Lee
416,jane,jane,Jane,Ferro
417,kevin_tom,kevin,Kevin,Thomas
418,vincy,vincy,Vincy,Jone
419,tim_lee,tim,Tim,Lee
420,jane,jane,Jane,Ferro
421,kevin_tom,kevin,Kevin,Thomas
422,vincy,vincy,Vincy,Jone
423,tim_lee,tim,Tim,Lee
424,jane,jane,Jane,Ferro
425,kevin_tom,kevin,Kevin,Thomas
426,vincy,vincy,Vincy,Jone
427,tim_lee,tim,Tim,Lee
428,jane,jane,Jane,Ferro
429,kevin_tom,kevin,Kevin,Thomas
430,vincy,vincy,Vincy,Jone
431,tim_lee,tim,Tim,Lee
432,jane,jane,Jane,Ferro
433,kevin_tom,kevin,Kevin,Thomas
434,vincy,vincy,Vincy,Jone
435,tim_lee,tim,Tim,Lee
436,jane,jane,Jane,Ferro
437,kevin_tom,kevin,Kevin,Thomas
438,vincy,vincy,Vincy,Jone
439,tim_lee,tim,Tim,Lee
440,jane,jane,Jane,Ferro
441,kevin_tom,kevin,Kevin,Thomas
442,vincy,vincy,Vincy,Jone
443,tim_lee,tim,Tim,Lee
444,jane,jane,Jane,Ferro
445,kevin_tom,kevin,Kevin,Thomas
446,vincy,vincy,Vincy,Jone
447,tim_lee,tim,Tim,Lee
448,jane,jane,Jane,Ferro
449,kevin_tom,kevin,Kevin,Thomas
450,vincy,vincy,Vincy,Jone
451,tim_lee,tim,Tim,Lee
452,jane,jane,Jane,Ferro
453,kevin_tom,kevin,Kevin,Thomas
454,vincy,vincy,Vincy,Jone
455,tim_lee,tim,Tim,Lee
456,jane,jane,Jane,Ferro
457,kevin_tom,kevin,Kevin,Thomas
458,vincy,vincy,Vincy,Jone
459,tim_lee,tim,Tim,Lee
460,jane,jane,Jane,Ferro
461,kevin_tom,kevin,Kevin,Thomas
462,vincy,vincy,Vincy,Jone
463,tim_lee,tim,Tim,Lee
464,jane,jane,Jane,Ferro
465,kevin_tom,kevin,Kevin,Thomas
466,vincy,vincy,Vincy,Jone
467,tim_lee,tim,Tim,Lee
468,jane,jane,Jane,Ferro
469,kevin_tom,kevin,Kevin,Thomas
470,vincy,vincy,Vincy,Jone
471,tim_lee,tim,Tim,Lee
472,jane,jane,Jane,Ferro
473,kevin_tom,kevin,Kevin,Thomas
474,vincy,vincy,Vincy,Jone
475,tim_lee,tim,Tim,Lee
476,jane,jane,Jane,Ferro
477,kevin_tom,kevin,Kevin,Thomas
478,vincy,vincy,Vincy,Jone
479,tim_lee,tim,Tim,Lee
480,jane,jane,Jane,Ferro
481,kevin_tom,kevin,Kevin,Thomas
482,vincy,vincy,Vincy,Jone
483,tim_lee,tim,Tim,Lee
484,jane,jane,Jane,Ferro
485,kevin_tom,kevin,Kevin,Thomas
486,vincy,vincy,Vincy,Jone
487,tim_lee,tim,Tim,Lee
488,jane,jane,Jane,Ferro
489,kevin_tom,kevin,Kevin,Thomas
490,vincy,vincy,Vincy,Jone
491,tim_lee,tim,Tim,Lee
492,jane,jane,Jane,Ferro
493,kevin_tom,kevin,Kevin,Thomas
494,vincy,vincy,Vincy,Jone
495,tim_lee,tim,Tim,Lee
496,jane,jane,Jane,Ferro
497,kevin_tom,kevin,Kevin,Thomas
498,vincy,vincy,Vincy,Jone
499,tim_lee,tim,Tim,Lee
500,jane,jane,Jane,Ferro
501,kevin_tom,kevin,Kevin,Thomas
502,vincy,vincy,Vincy,Jone
503,tim_lee,tim,Tim,Lee
504,jane,jane,Jane,Ferro
505,kevin_tom,kevin,Kevin,Thomas
506,vincy,vincy,Vincy,Jone
507,tim_lee,tim,Tim,Lee
508,jane,jane,Jane,Ferro
509,kevin_tom,kevin,Kevin,Thomas
510,vincy,vincy,Vincy,Jone
511,tim_lee,tim,Tim,Lee
512,jane,jane,Jane,Ferro
513,kevin_tom,kevin,Kevin,Thomas
514,vincy,vincy,Vincy,Jone
515,tim_lee,tim,Tim,Lee
516,jane,jane,Jane,Ferro
517,kevin_tom,kevin,Kevin,Thomas
518,vincy,vincy,Vincy,Jone
519,tim_lee,tim,Tim,Lee
520,jane,jane,Jane,Ferro
521,kevin_tom,kevin,Kevin,Thomas
522,vincy,vincy,Vincy,Jone
523,tim_lee,tim,Tim,Lee
524,jane,jane,Jane,Ferro
525,kevin_tom,kevin,Kevin,Thomas
526,vincy,vincy,Vincy,Jone
527,tim_lee,tim,Tim,Lee
528,jane,jane,Jane,Ferro
529,kevin_tom,kevin,Kevin,Thomas
530,vincy,vincy,Vincy,Jone
531,tim_lee,tim,Tim,Lee
532,jane,jane,Jane,Ferro
533,kevin_tom,kevin,Kevin,Thomas
534,vincy,vincy,Vincy,Jone
535,tim_lee,tim,Tim,Lee
536,jane,jane,Jane,Ferro
537,kevin_tom,kevin,Kevin,Thomas
538,vincy,vincy,Vincy,Jone
539,tim_lee,tim,Tim,Lee
540,jane,jane,Jane,Ferro
541,kevin_tom,kevin,Kevin,Thomas
542,vincy,vincy,Vincy,Jone
543,tim_lee,tim,Tim,Lee
544,jane,jane,Jane,Ferro
545,kevin_tom,kevin,Kevin,Thomas
546,vincy,vincy,Vincy,Jone
547,tim_lee,tim,Tim,Lee
548,jane,jane,Jane,Ferro
549,kevin_tom,kevin,Kevin,Thomas
550,vincy,vincy,Vincy,Jone
551,tim_lee,tim,Tim,Lee
552,jane,jane,Jane,Ferro
553,kevin_tom,kevin,Kevin,Thomas
554,vincy,vincy,Vincy,Jone
555,tim_lee,tim,Tim,Lee
556,jane,jane,Jane,Ferro
557,kevin_tom,kevin,Kevin,Thomas
558,vincy,vincy,Vincy,Jone
559,tim_lee,tim,Tim,Lee
560,jane,jane,Jane,Ferro
561,kevin_tom,kevin,Kevin,Thomas
562,vincy,vincy,Vincy,Jone
563,tim_lee,tim,Tim,Lee
564,jane,jane,Jane,Ferro
565,kevin_tom,kevin,Kevin,Thomas
566,vincy,vincy,Vincy,Jone
567,tim_lee,tim,Tim,Lee
568,jane,jane,Jane,Ferro
569,kevin_tom,kevin,Kevin,Thomas
570,vincy,vincy,Vincy,Jone
571,tim_lee,tim,Tim,Lee
572,jane,jane,Jane,Ferro
573,kevin_tom,kevin,Kevin,Thomas
574,vincy,vincy,Vincy,Jone
575,tim_lee,tim,Tim,Lee
576,jane,jane,Jane,Ferro
577,kevin_tom,kevin,Kevin,Thomas
578,vincy,vincy,Vincy,Jone
579,tim_lee,tim,Tim,Lee
580,jane,jane,Jane,Ferro
581,kevin_tom,kevin,Kevin,Thomas
582,vincy,vincy,Vincy,Jone
583,tim_lee,tim,Tim,Lee
584,jane,jane,Jane,Ferro
585,kevin_tom,kevin,Kevin,Thomas
586,vincy,vincy,Vincy,Jone
587,tim_lee,tim,Tim,Lee
588,jane,jane,Jane,Ferro
589,kevin_tom,kevin,Kevin,Thomas
590,vincy,vincy,Vincy,Jone
591,tim_lee,tim,Tim,Lee
592,jane,jane,Jane,Ferro
593,kevin_tom,kevin,Kevin,Thomas
594,vincy,vincy,Vincy,Jone
595,tim_lee,tim,Tim,Lee
596,jane,jane,Jane,Ferro
597,kevin_tom,kevin,Kevin,Thomas
598,vincy,vincy,Vincy,Jone
599,tim_lee,tim,Tim,Lee
600,jane,jane,Jane,Ferro
601,kevin_tom,kevin,Kevin,Thomas
602,vincy,vincy,Vincy,Jone
603,tim_lee,tim,Tim,Lee
604,jane,jane,Jane,Ferro
605,kevin_tom,kevin,Kevin,Thomas
606,vincy,vincy,Vincy,Jone
607,tim_lee,tim,Tim,Lee
608,jane,jane,Jane,Ferro
609,kevin_tom,kevin,Kevin,Thomas
610,vincy,vincy,Vincy,Jone
611,tim_lee,tim,Tim,Lee
612,jane,jane,Jane,Ferro
613,kevin_tom,kevin,Kevin,Thomas
614,vincy,vincy,Vincy,Jone
615,tim_lee,tim,Tim,Lee
616,jane,jane,Jane,Ferro
617,kevin_tom,kevin,Kevin,Thomas
618,vincy,vincy,Vincy,Jone
619,tim_lee,tim,Tim,Lee
620,jane,jane,Jane,Ferro
621,kevin_tom,kevin,Kevin,Thomas
622,vincy,vincy,Vincy,Jone
623,tim_lee,tim,Tim,Lee
624,jane,jane,Jane,Ferro
625,kevin_tom,kevin,Kevin,Thomas
626,vincy,vincy,Vincy,Jone
627,tim_lee,tim,Tim,Lee
628,jane,jane,Jane,Ferro
629,kevin_tom,kevin,Kevin,Thomas
630,vincy,vincy,Vincy,Jone
631,tim_lee,tim,Tim,Lee
632,jane,jane,Jane,Ferro
633,kevin_tom,kevin,Kevin,Thomas
634,vincy,vincy,Vincy,Jone
635,tim_lee,tim,Tim,Lee
636,jane,jane,Jane,Ferro
637,kevin_tom,kevin,Kevin,Thomas
638,vincy,vincy,Vincy,Jone
639,tim_lee,tim,Tim,Lee
640,jane,jane,Jane,Ferro
641,kevin_tom,kevin,Kevin,Thomas
642,vincy,vincy,Vincy,Jone
643,tim_lee,tim,Tim,Lee
644,jane,jane,Jane,Ferro
645,kevin_tom,kevin,Kevin,Thomas
646,vincy,vincy,Vincy,Jone
647,tim_lee,tim,Tim,Lee
648,jane,jane,Jane,Ferro
649,kevin_tom,kevin,Kevin,Thomas
650,vincy,vincy,Vincy,Jone
651,tim_lee,tim,Tim,Lee
652,jane,jane,Jane,Ferro
653,kevin_tom,kevin,Kevin,Thomas
654,vincy,vincy,Vincy,Jone
655,tim_lee,tim,Tim,Lee
656,jane,jane,Jane,Ferro
657,kevin_tom,kevin,Kevin,Thomas
658,vincy,vincy,Vincy,Jone
659,tim_lee,tim,Tim,Lee
660,jane,jane,Jane,Ferro
661,kevin_tom,kevin,Kevin,Thomas
662,vincy,vincy,Vincy,Jone
663,tim_lee,tim,Tim,Lee
664,jane,jane,Jane,Ferro
665,kevin_tom,kevin,Kevin,Thomas
666,vincy,vincy,Vincy,Jone
667,tim_lee,tim,Tim,Lee
668,jane,jane,Jane,Ferro
669,kevin_tom,kevin,Kevin,Thomas
670,vincy,vincy,Vincy,Jone
671,tim_lee,tim,Tim,Lee
672,jane,jane,Jane,Ferro
673,kevin_tom,kevin,Kevin,Thomas
674,vincy,vincy,Vincy,Jone
675,tim_lee,tim,Tim,Lee
676,jane,jane,Jane,Ferro
677,kevin_tom,kevin,Kevin,Thomas
678,vincy,vincy,Vincy,Jone
679,tim_lee,tim,Tim,Lee
680,jane,jane,Jane,Ferro
681,kevin_tom,kevin,Kevin,Thomas
682,vincy,vincy,Vincy,Jone
683,tim_lee,tim,Tim,Lee
684,jane,jane,Jane,Ferro
685,kevin_tom,kevin,Kevin,Thomas
686,vincy,vincy,Vincy,Jone
687,tim_lee,tim,Tim,Lee
688,jane,jane,Jane,Ferro
689,kevin_tom,kevin,Kevin,Thomas
690,vincy,vincy,Vincy,Jone
691,tim_lee,tim,Tim,Lee
692,jane,jane,Jane,Ferro
693,kevin_tom,kevin,Kevin,Thomas
694,vincy,vincy,Vincy,Jone
695,tim_lee,tim,Tim,Lee
696,jane,jane,Jane,Ferro
697,kevin_tom,kevin,Kevin,Thomas
698,vincy,vincy,Vincy,Jone
699,tim_lee,tim,Tim,Lee
700,jane,jane,Jane,Ferro
701,kevin_tom,kevin,Kevin,Thomas
702,vincy,vincy,Vincy,Jone
703,tim_lee,tim,Tim,Lee
704,jane,jane,Jane,Ferro
705,kevin_tom,kevin,Kevin,Thomas
706,vincy,vincy,Vincy,Jone
707,tim_lee,tim,Tim,Lee
708,jane,jane,Jane,Ferro
709,kevin_tom,kevin,Kevin,Thomas
710,vincy,vincy,Vincy,Jone
711,tim_lee,tim,Tim,Lee
712,jane,jane,Jane,Ferro
713,kevin_tom,kevin,Kevin,Thomas
714,vincy,vincy,Vincy,Jone
715,tim_lee,tim,Tim,Lee
716,jane,jane,Jane,Ferro
717,kevin_tom,kevin,Kevin,Thomas
718,vincy,vincy,Vincy,Jone
719,tim_lee,tim,Tim,Lee
720,jane,jane,Jane,Ferro
721,kevin_tom,kevin,Kevin,Thomas
722,vincy,vincy,Vincy,Jone
723,tim_lee,tim,Tim,Lee
724,jane,jane,Jane,Ferro
725,kevin_tom,kevin,Kevin,Thomas
726,vincy,vincy,Vincy,Jone
727,tim_lee,tim,Tim,Lee
728,jane,jane,Jane,Ferro
729,kevin_tom,kevin,Kevin,Thomas
730,vincy,vincy,Vincy,Jone
731,tim_lee,tim,Tim,Lee
732,jane,jane,Jane,Ferro
733,kevin_tom,kevin,Kevin,Thomas
734,vincy,vincy,Vincy,Jone
735,tim_lee,tim,Tim,Lee
736,jane,jane,Jane,Ferro
737,kevin_tom,kevin,Kevin,Thomas
738,vincy,vincy,Vincy,Jone
739,tim_lee,tim,Tim,Lee
740,jane,jane,Jane,Ferro
741,kevin_tom,kevin,Kevin,Thomas
742,vincy,vincy,Vincy,Jone
743,tim_lee,tim,Tim,Lee
744,jane,jane,Jane,Ferro
745,kevin_tom,kevin,Kevin,Thomas
746,vincy,vincy,Vincy,Jone
747,tim_lee,tim,Tim,Lee
748,jane,jane,Jane,Ferro
749,kevin_tom,kevin,Kevin,Thomas
750,vincy,vincy,Vincy,Jone
751,tim_lee,tim,Tim,Lee
752,jane,jane,Jane,Ferro
753,kevin_tom,kevin,Kevin,Thomas
754,vincy,vincy,Vincy,Jone
755,tim_lee,tim,Tim,Lee
756,jane,jane,Jane,Ferro
757,kevin_tom,kevin,Kevin,Thomas
758,vincy,vincy,Vincy,Jone
759,tim_lee,tim,Tim,Lee
760,jane,jane,Jane,Ferro
761,kevin_tom,kevin,Kevin,Thomas
762,vincy,vincy,Vincy,Jone
763,tim_lee,tim,Tim,Lee
764,jane,jane,Jane,Ferro
765,kevin_tom,kevin,Kevin,Thomas
766,vincy,vincy,Vincy,Jone
767,tim_lee,tim,Tim,Lee
768,jane,jane,Jane,Ferro
769,kevin_tom,kevin,Kevin,Thomas
770,vincy,vincy,Vincy,Jone
771,tim_lee,tim,Tim,Lee
772,jane,jane,Jane,Ferro
773,kevin_tom,kevin,Kevin,Thomas
774,vincy,vincy,Vincy,Jone
775,tim_lee,tim,Tim,Lee
776,jane,jane,Jane,Ferro
777,kevin_tom,kevin,Kevin,Thomas
778,vincy,vincy,Vincy,Jone
779,tim_lee,tim,Tim,Lee
780,jane,jane,Jane,Ferro
781,kevin_tom,kevin,Kevin,Thomas
782,vincy,vincy,Vincy,Jone
783,tim_lee,tim,Tim,Lee
784,jane,jane,Jane,Ferro
785,kevin_tom,kevin,Kevin,Thomas
786,vincy,vincy,Vincy,Jone
787,tim_lee,tim,Tim,Lee
788,jane,jane,Jane,Ferro
789,kevin_tom,kevin,Kevin,Thomas
790,vincy,vincy,Vincy,Jone
791,tim_lee,tim,Tim,Lee
792,jane,jane,Jane,Ferro
793,kevin_tom,kevin,Kevin,Thomas
794,vincy,vincy,Vincy,Jone
795,tim_lee,tim,Tim,Lee
796,jane,jane,Jane,Ferro
797,kevin_tom,kevin,Kevin,Thomas
798,vincy,vincy,Vincy,Jone
799,tim_lee,tim,Tim,Lee
800,jane,jane,Jane,Ferro
801,kevin_tom,kevin,Kevin,Thomas
802,vincy,vincy,Vincy,Jone
803,tim_lee,tim,Tim,Lee
804,jane,jane,Jane,Ferro
805,kevin_tom,kevin,Kevin,Thomas
806,vincy,vincy,Vincy,Jone
807,tim_lee,tim,Tim,Lee
808,jane,jane,Jane,Ferro
809,kevin_tom,kevin,Kevin,Thomas
810,vincy,vincy,Vincy,Jone
811,tim_lee,tim,Tim,Lee
812,jane,jane,Jane,Ferro
813,kevin_tom,kevin,Kevin,Thomas
814,vincy,vincy,Vincy,Jone
815,tim_lee,tim,Tim,Lee
816,jane,jane,Jane,Ferro
817,kevin_tom,kevin,Kevin,Thomas
818,vincy,vincy,Vincy,Jone
819,tim_lee,tim,Tim,Lee
820,jane,jane,Jane,Ferro
821,kevin_tom,kevin,Kevin,Thomas
822,vincy,vincy,Vincy,Jone
823,tim_lee,tim,Tim,Lee
824,jane,jane,Jane,Ferro
825,kevin_tom,kevin,Kevin,Thomas
826,vincy,vincy,Vincy,Jone
827,tim_lee,tim,Tim,Lee
828,jane,jane,Jane,Ferro
829,kevin_tom,kevin,Kevin,Thomas
830,vincy,vincy,Vincy,Jone
831,tim_lee,tim,Tim,Lee
832,jane,jane,Jane,Ferro
833,kevin_tom,kevin,Kevin,Thomas
834,vincy,vincy,Vincy,Jone
835,tim_lee,tim,Tim,Lee
836,jane,jane,Jane,Ferro
837,kevin_tom,kevin,Kevin,Thomas
838,vincy,vincy,Vincy,Jone
839,tim_lee,tim,Tim,Lee
840,jane,jane,Jane,Ferro
841,kevin_tom,kevin,Kevin,Thomas
842,vincy,vincy,Vincy,Jone
843,tim_lee,tim,Tim,Lee
844,jane,jane,Jane,Ferro
845,kevin_tom,kevin,Kevin,Thomas
846,vincy,vincy,Vincy,Jone
847,tim_lee,tim,Tim,Lee
848,jane,jane,Jane,Ferro
849,kevin_tom,kevin,Kevin,Thomas
850,vincy,vincy,Vincy,Jone
851,tim_lee,tim,Tim,Lee
852,jane,jane,Jane,Ferro
853,kevin_tom,kevin,Kevin,Thomas
854,vincy,vincy,Vincy,Jone
855,tim_lee,tim,Tim,Lee
856,jane,jane,Jane,Ferro
857,kevin_tom,kevin,Kevin,Thomas
858,vincy,vincy,Vincy,Jone
859,tim_lee,tim,Tim,Lee
860,jane,jane,Jane,Ferro
861,kevin_tom,kevin,Kevin,Thomas
862,vincy,vincy,Vincy,Jone
863,tim_lee,tim,Tim,Lee
864,jane,jane,Jane,Ferro
865,kevin_tom,kevin,Kevin,Thomas
866,vincy,vincy,Vincy,Jone
867,tim_lee,tim,Tim,Lee
868,jane,jane,Jane,Ferro
869,kevin_tom,kevin,Kevin,Thomas
870,vincy,vincy,Vincy,Jone
871,tim_lee,tim,Tim,Lee
872,jane,jane,Jane,Ferro
873,kevin_tom,kevin,Kevin,Thomas
874,vincy,vincy,Vincy,Jone
875,tim_lee,tim,Tim,Lee
876,jane,jane,Jane,Ferro
877,kevin_tom,kevin,Kevin,Thomas
878,vincy,vincy,Vincy,Jone
879,tim_lee,tim,Tim,Lee
880,jane,jane,Jane,Ferro
881,kevin_tom,kevin,Kevin,Thomas
882,vincy,vincy,Vincy,Jone
883,tim_lee,tim,Tim,Lee
884,jane,jane,Jane,Ferro
885,kevin_tom,kevin,Kevin,Thomas
886,vincy,vincy,Vincy,Jone
887,tim_lee,tim,Tim,Lee
888,jane,jane,Jane,Ferro
889,kevin_tom,kevin,Kevin,Thomas
890,vincy,vincy,Vincy,Jone
891,tim_lee,tim,Tim,Lee
892,jane,jane,Jane,Ferro
893,kevin_tom,kevin,Kevin,Thomas
894,vincy,vincy,Vincy,Jone
895,tim_lee,tim,Tim,Lee
896,jane,jane,Jane,Ferro
897,kevin_tom,kevin,Kevin,Thomas
898,vincy,vincy,Vincy,Jone
899,tim_lee,tim,Tim,Lee
900,jane,jane,Jane,Ferro
901,kevin_tom,kevin,Kevin,Thomas
902,vincy,vincy,Vincy,Jone
903,tim_lee,tim,Tim,Lee
904,jane,jane,Jane,Ferro
905,kevin_tom,kevin,Kevin,Thomas
906,vincy,vincy,Vincy,Jone
907,tim_lee,tim,Tim,Lee
908,jane,jane,Jane,Ferro
909,kevin_tom,kevin,Kevin,Thomas
910,vincy,vincy,Vincy,Jone
911,tim_lee,tim,Tim,Lee
912,jane,jane,Jane,Ferro
913,kevin_tom,kevin,Kevin,Thomas
914,vincy,vincy,Vincy,Jone
915,tim_lee,tim,Tim,Lee
916,jane,jane,Jane,Ferro
917,kevin_tom,kevin,Kevin,Thomas
918,vincy,vincy,Vincy,Jone
919,tim_lee,tim,Tim,Lee
920,jane,jane,Jane,Ferro
921,kevin_tom,kevin,Kevin,Thomas
922,vincy,vincy,Vincy,Jone
923,tim_lee,tim,Tim,Lee
924,jane,jane,Jane,Ferro
925,kevin_tom,kevin,Kevin,Thomas
926,vincy,vincy,Vincy,Jone
927,tim_lee,tim,Tim,Lee
928,jane,jane,Jane,Ferro
929,kevin_tom,kevin,Kevin,Thomas
930,vincy,vincy,Vincy,Jone
931,tim_lee,tim,Tim,Lee
932,jane,jane,Jane,Ferro
933,kevin_tom,kevin,Kevin,Thomas
934,vincy,vincy,Vincy,Jone
935,tim_lee,tim,Tim,Lee
936,jane,jane,Jane,Ferro
937,kevin_tom,kevin,Kevin,Thomas
938,vincy,vincy,Vincy,Jone
939,tim_lee,tim,Tim,Lee
940,jane,jane,Jane,Ferro
941,kevin_tom,kevin,Kevin,Thomas
942,vincy,vincy,Vincy,Jone
943,tim_lee,tim,Tim,Lee
944,jane,jane,Jane,Ferro
945,kevin_tom,kevin,Kevin,Thomas
946,vincy,vincy,Vincy,Jone
947,tim_lee,tim,Tim,Lee
948,jane,jane,Jane,Ferro
949,kevin_tom,kevin,Kevin,Thomas
950,vincy,vincy,Vincy,Jone
951,tim_lee,tim,Tim,Lee
952,jane,jane,Jane,Ferro
953,kevin_tom,kevin,Kevin,Thomas
954,vincy,vincy,Vincy,Jone
955,tim_lee,tim,Tim,Lee
956,jane,jane,Jane,Ferro
957,kevin_tom,kevin,Kevin,Thomas
958,vincy,vincy,Vincy,Jone
959,tim_lee,tim,Tim,Lee
960,jane,jane,Jane,Ferro
961,kevin_tom,kevin,Kevin,Thomas
962,vincy,vincy,Vincy,Jone
963,tim_lee,tim,Tim,Lee
964,jane,jane,Jane,Ferro
965,kevin_tom,kevin,Kevin,Thomas
966,vincy,vincy,Vincy,Jone
967,tim_lee,tim,Tim,Lee
968,jane,jane,Jane,Ferro
969,kevin_tom,kevin,Kevin,Thomas
970,vincy,vincy,Vincy,Jone
971,tim_lee,tim,Tim,Lee
972,jane,jane,Jane,Ferro
973,kevin_tom,kevin,Kevin,Thomas
974,vincy,vincy,Vincy,Jone
975,tim_lee,tim,Tim,Lee
976,jane,jane,Jane,Ferro
977,kevin_tom,kevin,Kevin,Thomas
978,vincy,vincy,Vincy,Jone
979,tim_lee,tim,Tim,Lee
980,jane,jane,Jane,Ferro
981,kevin_tom,kevin,Kevin,Thomas
982,vincy,vincy,Vincy,Jone
983,tim_lee,tim,Tim,Lee
984,jane,jane,Jane,Ferro
985,kevin_tom,kevin,Kevin,Thomas
986,vincy,vincy,Vincy,Jone
987,tim_lee,tim,Tim,Lee
988,jane,jane,Jane,Ferro
989,kevin_tom,kevin,Kevin,Thomas
990,vincy,vincy,Vincy,Jone
991,tim_lee,tim,Tim,Lee
992,jane,jane,Jane,Ferro
993,kevin_tom,kevin,Kevin,Thomas
994,vincy,vincy,Vincy,Jone
995,tim_lee,tim,Tim,Lee
996,jane,jane,Jane,Ferro
997,kevin_tom,kevin,Kevin,Thomas
998,vincy,vincy,Vincy,Jone
999,tim_lee,tim,Tim,Lee
1000,jane,jane,Jane,Ferro
1001,kevin_tom,kevin,Kevin,Thomas
1002,vincy,vincy,Vincy,Jone
1003,tim_lee,tim,Tim,Lee
1004,jane,jane,Jane,Ferro
1005,kevin_tom,kevin,Kevin,Thomas
1006,vincy,vincy,Vincy,Jone
1007,tim_lee,tim,Tim,Lee
1008,jane,jane,Jane,Ferro
1009,kevin_tom,kevin,Kevin,Thomas
1010,vincy,vincy,Vincy,Jone
1011,tim_lee,tim,Tim,Lee
1012,jane,jane,Jane,Ferro
1013,kevin_tom,kevin,Kevin,Thomas
1014,vincy,vincy,Vincy,Jone
1015,tim_lee,tim,Tim,Lee
1016,jane,jane,Jane,Ferro
1017,kevin_tom,kevin,Kevin,Thomas
1018,vincy,vincy,Vincy,Jone
1019,tim_lee,tim,Tim,Lee
1020,jane,jane,Jane,Ferro
1021,kevin_tom,kevin,Kevin,Thomas
1022,vincy,vincy,Vincy,Jone
1023,tim_lee,tim,Tim,Lee
1024,jane,jane,Jane,Ferro
1025,kevin_tom,kevin,Kevin,Thomas
1026,vincy,vincy,Vincy,Jone
1027,tim_lee,tim,Tim,Lee
1028,jane,jane,Jane,Ferro
1029,kevin_tom,kevin,Kevin,Thomas
1030,vincy,vincy,Vincy,Jone
1031,tim_lee,tim,Tim,Lee
1032,jane,jane,Jane,Ferro
1033,kevin_tom,kevin,Kevin,Thomas
1034,vincy,vincy,Vincy,Jone
1035,tim_lee,tim,Tim,Lee
1036,jane,jane,Jane,Ferro
1037,kevin_tom,kevin,Kevin,Thomas
1038,vincy,vincy,Vincy,Jone
1039,tim_lee,tim,Tim,Lee
1040,jane,jane,Jane,Ferro
1041,kevin_tom,kevin,Kevin,Thomas
1042,vincy,vincy,Vincy,Jone
1043,tim_lee,tim,Tim,Lee
1044,jane,jane,Jane,Ferro
1045,kevin_tom,kevin,Kevin,Thomas
1046,vincy,vincy,Vincy,Jone
1047,tim_lee,tim,Tim,Lee
1048,jane,jane,Jane,Ferro
1049,kevin_tom,kevin,Kevin,Thomas
1050,vincy,vincy,Vincy,Jone
1051,tim_lee,tim,Tim,Lee
1052,jane,jane,Jane,Ferro
1053,kevin_tom,kevin,Kevin,Thomas
1054,vincy,vincy,Vincy,Jone
1055,tim_lee,tim,Tim,Lee
1056,jane,jane,Jane,Ferro
1057,kevin_tom,kevin,Kevin,Thomas
1058,vincy,vincy,Vincy,Jone
1059,tim_lee,tim,Tim,Lee
1060,jane,jane,Jane,Ferro
1061,kevin_tom,kevin,Kevin,Thomas
1062,vincy,vincy,Vincy,Jone
1063,tim_lee,tim,Tim,Lee
1064,jane,jane,Jane,Ferro
1065,kevin_tom,kevin,Kevin,Thomas
1066,vincy,vincy,Vincy,Jone
1067,tim_lee,tim,Tim,Lee
1068,jane,jane,Jane,Ferro
1069,kevin_tom,kevin,Kevin,Thomas
1070,vincy,vincy,Vincy,Jone
1071,tim_lee,tim,Tim,Lee
1072,jane,jane,Jane,Ferro
1073,kevin_tom,kevin,Kevin,Thomas
1074,vincy,vincy,Vincy,Jone
1075,tim_lee,tim,Tim,Lee
1076,jane,jane,Jane,Ferro
1077,kevin_tom,kevin,Kevin,Thomas
1078,vincy,vincy,Vincy,Jone
1079,tim_lee,tim,Tim,Lee
1080,jane,jane,Jane,Ferro
1081,kevin_tom,kevin,Kevin,Thomas
1082,vincy,vincy,Vincy,Jone
1083,tim_lee,tim,Tim,Lee
1084,jane,jane,Jane,Ferro
1085,kevin_tom,kevin,Kevin,Thomas
1086,vincy,vincy,Vincy,Jone
1087,tim_lee,tim,Tim,Lee
1088,jane,jane,Jane,Ferro
1089,kevin_tom,kevin,Kevin,Thomas
1090,vincy,vincy,Vincy,Jone
1091,tim_lee,tim,Tim,Lee
1092,jane,jane,Jane,Ferro
1093,kevin_tom,kevin,Kevin,Thomas
1094,vincy,vincy,Vincy,Jone
1095,tim_lee,tim,Tim,Lee
1096,jane,jane,Jane,Ferro
1097,kevin_tom,kevin,Kevin,Thomas
1098,vincy,vincy,Vincy,Jone
1099,tim_lee,tim,Tim,Lee
1100,jane,jane,Jane,Ferro
1101,kevin_tom,kevin,Kevin,Thomas
1102,vincy,vincy,Vincy,Jone
1103,tim_lee,tim,Tim,Lee
1104,jane,jane,Jane,Ferro
1105,kevin_tom,kevin,Kevin,Thomas
1106,vincy,vincy,Vincy,Jone
1107,tim_lee,tim,Tim,Lee
1108,jane,jane,Jane,Ferro
1109,kevin_tom,kevin,Kevin,Thomas
1110,vincy,vincy,Vincy,Jone
1111,tim_lee,tim,Tim,Lee
1112,jane,jane,Jane,Ferro
1113,kevin_tom,kevin,Kevin,Thomas
1114,vincy,vincy,Vincy,Jone
1115,tim_lee,tim,Tim,Lee
1116,jane,jane,Jane,Ferro
1117,kevin_tom,kevin,Kevin,Thomas
1118,vincy,vincy,Vincy,Jone
1119,tim_lee,tim,Tim,Lee
1120,jane,jane,Jane,Ferro
